{
  ".meta": {
    "region": "us",
    "country": "US"
  },
  "data": [
    {
      "id": "battlenet",
      "title": "Blizzard",
      "color": "#00cbe6"
    },
    {
      "id": "epic",
      "title": "Epic Game Store",
      "color": "#0078f2"
    },
    {
      "id": "gog",
      "title": "GOG",
      "color": "#f16421"
    },
    {
      "id": "gamebillet",
      "title": "GameBillet",
      "color": "#f22f15"
    },
    {
      "id": "gamersgate",
      "title": "GamersGate",
      "color": "#fc5d5d"
    },
    {
      "id": "greenmangaming",
      "title": "GreenManGaming",
      "color": "#21a930"
    },
    {
      "id": "humblestore",
      "title": "Humble Store",
      "color": "#ff3e1b"
    },
    {
      "id": "humblewidgets",
      "title": "Humble Widgets",
      "color": "#f8300c"
    },
    {
      "id": "indiegalastore",
      "title": "IndieGala Store",
      "color": "#ffb4e0"
    },
    {
      "id": "itchio",
      "title": "Itch.io",
      "color": "#fa5c5c"
    },
    {
      "id": "microsoft",
      "title": "Microsoft Store",
      "color": "#ffd800"
    },
    {
      "id": "origin",
      "title": "Origin",
      "color": "#ddff1c"
    },
    {
      "id": "squenix",
      "title": "Square Enix",
      "color": "#b41919"
    },
    {
      "id": "steam",
      "title": "Steam",
      "color": "#9ffc3a"
    },
    {
      "id": "uplay",
      "title": "Ubisoft Store",
      "color": "#01657a"
    },
    {
      "id": "wingamestore",
      "title": "WinGameStore",
      "color": "#2790da"
    }
  ]
}