{
    "reloadSteam": {
        "bg": "Презареди Steam",
        "zh-cn": "重新加载Steam",
        "zh-tw": "重新加載Steam",
        "cs": "Znovu naplňte Steam",
        "da": "Genindlæs Steam",
        "nl": "Herlaad Steam",
        "en": "Reload Steam",
        "fi": "Lataa Steam uudelleen",
        "fr": "Recharger Steam",
        "de": "Steam neu Laden",
        "el": "Επαναφόρτωση Steam",
        "hu": "Töltse újra a Steam-et",
        "id": "Muat ulang Steam",
        "it": "Ricarica Steam",
        "ja": "Steamをリロードする",
        "ko": "Steam 다시 로드",
        "no": "Last inn Steam på nytt",
        "pl": "Załaduj ponownie Steam",
        "pt": "Recarregar o Steam",
        "pt-br": "Recarregar o Steam",
        "ro": "Reîncărcați Steam",
        "ru": "Перезагрузить Steam",
        "es": "Recargar Steam",
        "es-419": "Recargar Steam",
        "sv": "Ladda om Steam",
        "th": "โหลด Steam อีกครั้ง",
        "tr": "Steam'i Yeniden Yükle",
        "uk": "Перезавантажте Steam",
        "vn": "Tải lại Steam"
    },
	"restartSteam": {
        "bg": "Рестартирайте Steam",
        "zh-cn": "重新启动Steam",
        "zh-tw": "重新啟動Steam",
        "cs": "Restartujte Steam",
        "da": "Genstart Steam",
        "nl": "Start Steam opnieuw",
        "en": "Restart Steam",
        "fi": "Käynnistä Steam uudelleen",
        "fr": "Redémarrer Steam",
        "de": "Starten Sie Steam neu",
        "el": "Επανεκκινήστε το Steam",
        "hu": "Indítsa újra a Steam-et",
        "id": "Mulai ulang Steam",
        "it": "Riavvia Steam",
        "ja": "Steamを再起動する",
        "ko": "Steam 다시 시작",
        "no": "Start Steam på nytt",
        "pl": "Uruchom ponownie Steam",
        "pt": "Reinicie o Steam",
        "pt-br": "Reinicie o Steam",
        "ro": "Reporniți Steam",
        "ru": "Перезапустить Steam",
        "es": "Reiniciar Steam",
        "es-419": "Reiniciar Steam",
        "sv": "Starta om Steam",
        "th": "รีสตาร์ท Steam",
        "tr": "Steam'i yeniden başlatın",
        "uk": "Перезапустіть Steam",
        "vn": "Khởi động lại Steam"
    }
}
